8	Inception	2010
8	Inception	2010
8	Inception	2010
8	Inception	2010
8	Inception	2010
8	Inception	2010
8	Inception	2010
8	Inception	2010
8	Inception	2010
8	Inception	2010
8	Inception	2010
8	Inception	2010
8	Inception	2010
8	Inception	2010
8	Inception	2010
8	Inception	2010
8	Inception	2010
8	Inception	2010
8	Inception	2010
8	Inception	2010
8	Inception	2010
8	Inception	2010
8	Inception	2010
8	Inception	2010
8	Inception	2010
8	Inception	2010
8	Inception	2010
8	Inception	2010
8	Inception	2010
8	Inception	2010
8	Inception	2010
8	Inception	2010
8	Inception	2010
8	Inception	2010
8	Inception	2010
8	Inception	2010
8	Inception	2010
8	Inception	2010
8	Inception	2010
8	Inception	2010
8	Inception	2010
8	Inception	2010
8	Inception	2010
8	Inception	2010
8	Inception	2010
8	Inception	2010
8	Inception	2010
8	Inception	2010
8	Inception	2010
8	Inception	2010
8	Inception	2010
8	Inception	2010
8	Inception	2010
8	Inception	2010
8	Inception	2010
8	Inception	2010
8	Inception	2010
8	Inception	2010
8	Inception	2010
8	Inception	2010
8	Inception	2010
8	Inception	2010
8	Inception	2010
8	Inception	2010
8	Inception	2010
8	Inception	2010
8	Inception	2010
8	Inception	2010
8	Inception	2010
8	Inception	2010
8	Inception	2010
8	Inception	2010
8	Inception	2010
8	Inception	2010
8	Inception	2010
8	Inception	2010
8	Inception	2010
8	Inception	2010
8	Inception	2010
8	Inception	2010
8	Inception	2010
8	Inception	2010
8	Inception	2010
8	Inception	2010
8	Inception	2010
8	Inception	2010
8	Inception	2010
8	Inception	2010
8	Inception	2010
8	Inception	2010
8	Inception	2010
8	Inception	2010
8	Inception	2010
8	Inception	2010
8	Inception	2010
8	Inception	2010
8	Inception	2010
8	Inception	2010
8	Inception	2010
8	Inception	2010
8	Inception	2010
8	Inception	2010
8	Inception	2010
8	Inception	2010
8	Inception	2010
8	Inception	2010
8	Inception	2010
8	Inception	2010
8	Inception	2010
8	Inception	2010
8	Inception	2010
8	Inception	2010
8	Inception	2010
8	Inception	2010
8	Inception	2010
8	Inception	2010
8	Inception	2010
8	Inception	2010
8	Inception	2010
8	Inception	2010
8	Inception	2010
8	Inception	2010
8	Inception	2010
8	Inception	2010
8	Inception	2010
8	Inception	2010
8	Inception	2010
8	Inception	2010
8	Inception	2010
8	Inception	2010
8	Inception	2010
8	Inception	2010
8	Inception	2010
8	Inception	2010
8	Inception	2010
8	Inception	2010
8	Inception	2010
8	Inception	2010
8	Inception	2010
8	Inception	2010
8	Inception	2010
8	Inception	2010
8	Inception	2010
8	Inception	2010
8	Inception	2010
8	Inception	2010
8	Inception	2010
8	Inception	2010
8	Inception	2010
8	Inception	2010
8	Inception	2010
8	Inception	2010
8	Inception	2010
8	Inception	2010
8	Inception	2010
8	Inception	2010
8	Inception	2010
8	Inception	2010
8	Inception	2010
8	Inception	2010
8	Inception	2010
8	Inception	2010
8	Inception	2010
8	Inception	2010
8	Inception	2010
8	Inception	2010
8	Inception	2010
8	Inception	2010
8	Inception	2010
8	Inception	2010
8	Inception	2010
8	Inception	2010
8	Inception	2010
8	Inception	2010
8	Inception	2010
8	Inception	2010
8	Inception	2010
8	Inception	2010
8	Inception	2010
8	Inception	2010
8	Inception	2010
8	Inception	2010
8	Inception	2010
8	Inception	2010
8	Inception	2010
8	Inception	2010
8	Inception	2010
8	Inception	2010
8	Inception	2010
8	Inception	2010
8	Inception	2010
8	Inception	2010
8	Inception	2010
8	Inception	2010
8	Inception	2010
8	Inception	2010
8	Inception	2010
8	Inception	2010
8	Inception	2010
8	Inception	2010
8	Inception	2010
8	Inception	2010
8	Inception	2010
8	Inception	2010
8	Inception	2010
8	Inception	2010
8	Inception	2010
8	Inception	2010
8	Inception	2010
8	Inception	2010
8	Inception	2010
8	Inception	2010
8	Inception	2010
8	Inception	2010
8	Inception	2010
8	Inception	2010
9	Inception	2010
9	Inception	2010
9	Inception	2010
9	Inception	2010
9	Inception	2010
9	Inception	2010
9	Inception	2010
9	Inception	2010
9	Inception	2010
9	Inception	2010
9	Inception	2010
9	Inception	2010
9	Inception	2010
9	Inception	2010
9	Inception	2010
9	Inception	2010
9	Inception	2010
9	Inception	2010
9	Inception	2010
9	Inception	2010
9	Inception	2010
9	Inception	2010
9	Inception	2010
9	Inception	2010
9	Inception	2010
9	Inception	2010
9	Inception	2010
9	Inception	2010
9	Inception	2010
9	Inception	2010
9	Inception	2010
9	Inception	2010
9	Inception	2010
9	Inception	2010
9	Inception	2010
9	Inception	2010
9	Inception	2010
9	Inception	2010
9	Inception	2010
9	Inception	2010
9	Inception	2010
9	Inception	2010
9	Inception	2010
9	Inception	2010
9	Inception	2010
9	Inception	2010
9	Inception	2010
9	Inception	2010
9	Inception	2010
9	Inception	2010
9	Inception	2010
9	Inception	2010
9	Inception	2010
9	Inception	2010
9	Inception	2010
9	Inception	2010
9	Inception	2010
9	Inception	2010
9	Inception	2010
9	Inception	2010
9	Inception	2010
9	Inception	2010
9	Inception	2010
9	Inception	2010
9	Inception	2010
9	Inception	2010
9	Inception	2010
9	Inception	2010
9	Inception	2010
9	Inception	2010
9	Inception	2010
9	Inception	2010
9	Inception	2010
9	Inception	2010
9	Inception	2010
9	Inception	2010
9	Inception	2010
9	Inception	2010
9	Inception	2010
9	Inception	2010
9	Inception	2010
9	Inception	2010
9	Inception	2010
9	Inception	2010
9	Inception	2010
9	Inception	2010
9	Inception	2010
9	Inception	2010
9	Inception	2010
9	Inception	2010
9	Inception	2010
9	Inception	2010
9	Inception	2010
9	Inception	2010
9	Inception	2010
9	Inception	2010
9	Inception	2010
9	Inception	2010
9	Inception	2010
9	Inception	2010
9	Inception	2010
9	Inception	2010
9	Inception	2010
9	Inception	2010
9	Inception	2010
9	Inception	2010
9	Inception	2010
9	Inception	2010
9	Inception	2010
9	Inception	2010
9	Inception	2010
9	Inception	2010
9	Inception	2010
9	Inception	2010
9	Inception	2010
9	Inception	2010
9	Inception	2010
9	Inception	2010
9	Inception	2010
9	Inception	2010
9	Inception	2010
9	Inception	2010
9	Inception	2010
9	Inception	2010
9	Inception	2010
9	Inception	2010
9	Inception	2010
9	Inception	2010
9	Inception	2010
9	Inception	2010
9	Inception	2010
9	Inception	2010
9	Inception	2010
9	Inception	2010
9	Inception	2010
9	Inception	2010
9	Inception	2010
9	Inception	2010
9	Inception	2010
9	Inception	2010
9	Inception	2010
9	Inception	2010
9	Inception	2010
9	Inception	2010
9	Inception	2010
9	Inception	2010
9	Inception	2010
9	Inception	2010
9	Inception	2010
9	Inception	2010
9	Inception	2010
9	Inception	2010
9	Inception	2010
9	Inception	2010
9	Inception	2010
9	Inception	2010
9	Inception	2010
9	Inception	2010
9	Inception	2010
9	Inception	2010
9	Inception	2010
9	Inception	2010
9	Inception	2010
9	Inception	2010
9	Inception	2010
9	Inception	2010
9	Inception	2010
9	Inception	2010
9	Inception	2010
9	Inception	2010
9	Inception	2010
9	Inception	2010
9	Inception	2010
9	Inception	2010
9	Inception	2010
9	Inception	2010
9	Inception	2010
9	Inception	2010
9	Inception	2010
9	Inception	2010
9	Inception	2010
9	Inception	2010
9	Inception	2010
9	Inception	2010
9	Inception	2010
9	Inception	2010
9	Inception	2010
9	Inception	2010
9	Inception	2010
9	Inception	2010
9	Inception	2010
9	Inception	2010
9	Inception	2010
9	Inception	2010
9	Inception	2010
9	Inception	2010
9	Inception	2010
9	Inception	2010
9	Inception	2010
9	Inception	2010
9	Inception	2010
9	Inception	2010
9	Inception	2010
9	Inception	2010
9	Inception	2010
9	Inception	2010
9	Inception	2010
9	Inception	2010
9	Inception	2010
9	Inception	2010
9	Inception	2010
9	Inception	2010
9	Inception	2010
9	Inception	2010
9	Inception	2010
9	Inception	2010
9	Inception	2010
9	Inception	2010
9	Inception	2010
9	Inception	2010
9	Inception	2010
9	Inception	2010
9	Inception	2010
9	Inception	2010
9	Inception	2010
9	Inception	2010
9	Inception	2010
9	Inception	2010
9	Inception	2010
9	Inception	2010
9	Inception	2010
9	Inception	2010
9	Inception	2010
9	Inception	2010
9	Inception	2010
9	Inception	2010
9	Inception	2010
9	Inception	2010
9	Inception	2010
9	Inception	2010
9	Inception	2010
9	Inception	2010
9	Inception	2010
9	Inception	2010
9	Inception	2010
9	Inception	2010
9	Inception	2010
9	Inception	2010
9	Inception	2010
9	Inception	2010
9	Inception	2010
9	Inception	2010
9	Inception	2010
9	Inception	2010
9	Inception	2010
9	Inception	2010
9	Inception	2010
9	Inception	2010
9	Inception	2010
9	Inception	2010
9	Inception	2010
9	Inception	2010
9	Inception	2010
9	Inception	2010
9	Inception	2010
9	Inception	2010
9	Inception	2010
9	Inception	2010
9	Inception	2010
9	Inception	2010
9	Inception	2010
9	Inception	2010
9	Inception	2010
9	Inception	2010
9	Inception	2010
9	Inception	2010
9	Inception	2010
9	Inception	2010
9	Inception	2010
9	Inception	2010
9	Inception	2010
9	Inception	2010
9	Inception	2010
9	Inception	2010
9	Inception	2010
9	Inception	2010
9	Inception	2010
9	Inception	2010
9	Inception	2010
9	Inception	2010
9	Inception	2010
9	Inception	2010
9	Inception	2010
9	Inception	2010
9	Inception	2010
9	Inception	2010
9	Inception	2010
9	Inception	2010
9	Inception	2010
9	Inception	2010
9	Inception	2010
9	Inception	2010
9	Inception	2010
9	Inception	2010
9	Inception	2010
9	Inception	2010
9	Inception	2010
9	Inception	2010
9	Inception	2010
9	Inception	2010
9	Inception	2010
9	Inception	2010
9	Inception	2010
9	Inception	2010
9	Inception	2010
9	Inception	2010
9	Inception	2010
9	Inception	2010
9	Inception	2010
9	Inception	2010
9	Inception	2010
9	Inception	2010
9	Inception	2010
9	Inception	2010
9	Inception	2010
9	Inception	2010
9	Inception	2010
9	Inception	2010
9	Inception	2010
9	Inception	2010
9	Inception	2010
9	Inception	2010
9	Inception	2010
9	Inception	2010
9	Inception	2010
9	Inception	2010
9	Inception	2010
9	Inception	2010
9	Inception	2010
9	Inception	2010
9	Inception	2010
9	Inception	2010
9	Inception	2010
9	Inception	2010
9	Inception	2010
9	Inception	2010
9	Inception	2010
9	Inception	2010
9	Inception	2010
9	Inception	2010
9	Inception	2010
9	Inception	2010
9	Inception	2010
9	Inception	2010
9	Inception	2010
9	Inception	2010
9	Inception	2010
9	Inception	2010
9	Inception	2010
9	Inception	2010
9	Inception	2010
9	Inception	2010
9	Inception	2010
9	Inception	2010
9	Inception	2010
9	Inception	2010
9	Inception	2010
9	Inception	2010
9	Inception	2010
9	Inception	2010
9	Inception	2010
9	Inception	2010
9	Inception	2010
9	Inception	2010
9	Inception	2010
9	Inception	2010
9	Inception	2010
9	Inception	2010
9	Inception	2010
9	Inception	2010
9	Inception	2010
9	Inception	2010
9	Inception	2010
9	Inception	2010
9	Inception	2010
9	Inception	2010
9	Inception	2010
9	Inception	2010
9	Inception	2010
9	Inception	2010
9	Inception	2010
9	Inception	2010
9	Inception	2010
9	Inception	2010
9	Inception	2010
9	Inception	2010
9	Inception	2010
9	Inception	2010
9	Inception	2010
9	Inception	2010
9	Inception	2010
9	Inception	2010
9	Inception	2010
9	Inception	2010
9	Inception	2010
9	Inception	2010
9	Inception	2010
9	Inception	2010
9	Inception	2010
9	Inception	2010
9	Inception	2010
9	Inception	2010
9	Inception	2010
9	Inception	2010
9	Inception	2010
9	Inception	2010
9	Inception	2010
9	Inception	2010
9	Inception	2010
9	Inception	2010
9	Inception	2010
9	Inception	2010
9	Inception	2010
9	Inception	2010
9	Inception	2010
9	Inception	2010
9	Inception	2010
9	Inception	2010
9	Inception	2010
9	Inception	2010
9	Inception	2010
9	Inception	2010
9	Inception	2010
9	Inception	2010
9	Inception	2010
9	Inception	2010
9	Inception	2010
9	Inception	2010
9	Inception	2010
9	Inception	2010
9	Inception	2010
9	Inception	2010
9	Inception	2010
9	Inception	2010
9	Inception	2010
9	Inception	2010
9	Inception	2010
9	Inception	2010
9	Inception	2010
9	Inception	2010
9	Inception	2010
9	Inception	2010
9	Inception	2010
9	Inception	2010
9	Inception	2010
9	Inception	2010
9	Inception	2010
9	Inception	2010
9	Inception	2010
9	Inception	2010
9	Inception	2010
9	Inception	2010
9	Inception	2010
9	Inception	2010
9	Inception	2010
9	Inception	2010
9	Inception	2010
9	Inception	2010
9	Inception	2010
9	Inception	2010
9	Inception	2010
9	Inception	2010
9	Inception	2010
9	Inception	2010
9	Inception	2010
9	Inception	2010
9	Inception	2010
9	Inception	2010
9	Inception	2010
9	Inception	2010
9	Inception	2010
9	Inception	2010
9	Inception	2010
9	Inception	2010
9	Inception	2010
9	Inception	2010
9	Inception	2010
9	Inception	2010
9	Inception	2010
9	Inception	2010
9	Inception	2010
9	Inception	2010
9	Inception	2010
9	Inception	2010
9	Inception	2010
9	Inception	2010
9	Inception	2010
9	Inception	2010
9	Inception	2010
9	Inception	2010
9	Inception	2010
9	Inception	2010
9	Inception	2010
9	Inception	2010
9	Inception	2010
9	Inception	2010
9	Inception	2010
9	Inception	2010
9	Inception	2010
9	Inception	2010
9	Inception	2010
9	Inception	2010
9	Inception	2010
9	Inception	2010
9	Inception	2010
9	Inception	2010
9	Inception	2010
9	Inception	2010
9	Inception	2010
9	Inception	2010
9	Inception	2010
9	Inception	2010
9	Inception	2010
9	Inception	2010
9	Inception	2010
9	Inception	2010
9	Inception	2010
9	Inception	2010
9	Inception	2010
9	Inception	2010
9	Inception	2010
9	Inception	2010
9	Inception	2010
9	Inception	2010
9	Inception	2010
9	Inception	2010
9	Inception	2010
9	Inception	2010
9	Inception	2010
9	Inception	2010
9	Inception	2010
9	Inception	2010
9	Inception	2010
9	Inception	2010
9	Inception	2010
9	Inception	2010
9	Inception	2010
9	Inception	2010
9	Inception	2010
9	Inception	2010
9	Inception	2010
9	Inception	2010
9	Inception	2010
9	Inception	2010
9	Inception	2010
9	Inception	2010
9	Inception	2010
9	Inception	2010
9	Inception	2010
9	Inception	2010
9	Inception	2010
9	Inception	2010
9	Inception	2010
9	Inception	2010
9	Inception	2010
9	Inception	2010
9	Inception	2010
9	Inception	2010
9	Inception	2010
9	Inception	2010
9	Inception	2010
9	Inception	2010
9	Inception	2010
9	Inception	2010
9	Inception	2010
9	Inception	2010
9	Inception	2010
9	Inception	2010
9	Inception	2010
9	Inception	2010
9	Inception	2010
9	Inception	2010
9	Inception	2010
9	Inception	2010
9	Inception	2010
9	Inception	2010
9	Inception	2010
9	Inception	2010
9	Inception	2010
9	Inception	2010
9	Inception	2010
9	Inception	2010
9	Inception	2010
9	Inception	2010
9	Inception	2010
9	Inception	2010
9	Inception	2010
9	Inception	2010
9	Inception	2010
9	Inception	2010
9	Inception	2010
9	Inception	2010
9	Inception	2010
9	Inception	2010
9	Inception	2010
9	Inception	2010
9	Inception	2010
9	Inception	2010
9	Inception	2010
9	Inception	2010
9	Inception	2010
9	Inception	2010
9	Inception	2010
9	Inception	2010
9	Inception	2010
9	Inception	2010
9	Inception	2010
9	Inception	2010
9	Inception	2010
9	Inception	2010
9	Inception	2010
9	Inception	2010
9	Inception	2010
9	Inception	2010
9	Inception	2010
9	Inception	2010
9	Inception	2010
9	Inception	2010
9	Inception	2010
9	Inception	2010
9	Inception	2010
9	Inception	2010
9	Inception	2010
9	Inception	2010
9	Inception	2010
9	Inception	2010
9	Inception	2010
9	Inception	2010
9	Inception	2010
9	Inception	2010
9	Inception	2010
9	Inception	2010
9	Inception	2010
9	Inception	2010
9	Inception	2010
9	Inception	2010
9	Inception	2010
9	Inception	2010
9	Inception	2010
9	Inception	2010
10	Inception	2010
10	Inception	2010
10	Inception	2010
10	Inception	2010
10	Inception	2010
10	Inception	2010
10	Inception	2010
10	Inception	2010
10	Inception	2010
10	Inception	2010
10	Inception	2010
10	Inception	2010
10	Inception	2010
10	Inception	2010
10	Inception	2010
10	Inception	2010
10	Inception	2010
10	Inception	2010
10	Inception	2010
10	Inception	2010
10	Inception	2010
10	Inception	2010
10	Inception	2010
10	Inception	2010
10	Inception	2010
10	Inception	2010
10	Inception	2010
10	Inception	2010
10	Inception	2010
10	Inception	2010
10	Inception	2010
10	Inception	2010
10	Inception	2010
10	Inception	2010
10	Inception	2010
10	Inception	2010
10	Inception	2010
10	Inception	2010
10	Inception	2010
10	Inception	2010
10	Inception	2010
10	Inception	2010
10	Inception	2010
10	Inception	2010
10	Inception	2010
10	Inception	2010
10	Inception	2010
10	Inception	2010
10	Inception	2010
10	Inception	2010
10	Inception	2010
10	Inception	2010
10	Inception	2010
10	Inception	2010
10	Inception	2010
10	Inception	2010
10	Inception	2010
10	Inception	2010
10	Inception	2010
10	Inception	2010
10	Inception	2010
10	Inception	2010
10	Inception	2010
10	Inception	2010
10	Inception	2010
10	Inception	2010
10	Inception	2010
10	Inception	2010
10	Inception	2010
10	Inception	2010
10	Inception	2010
10	Inception	2010
10	Inception	2010
10	Inception	2010
10	Inception	2010
10	Inception	2010
10	Inception	2010
10	Inception	2010
10	Inception	2010
10	Inception	2010
10	Inception	2010
10	Inception	2010
10	Inception	2010
10	Inception	2010
10	Inception	2010
10	Inception	2010
10	Inception	2010
10	Inception	2010
10	Inception	2010
10	Inception	2010
10	Inception	2010
10	Inception	2010
10	Inception	2010
10	Inception	2010
10	Inception	2010
10	Inception	2010
10	Inception	2010
10	Inception	2010
10	Inception	2010
10	Inception	2010
10	Inception	2010
10	Inception	2010
10	Inception	2010
10	Inception	2010
10	Inception	2010
10	Inception	2010
10	Inception	2010
10	Inception	2010
10	Inception	2010
10	Inception	2010
10	Inception	2010
10	Inception	2010
10	Inception	2010
10	Inception	2010
10	Inception	2010
10	Inception	2010
10	Inception	2010
10	Inception	2010
10	Inception	2010
10	Inception	2010
10	Inception	2010
10	Inception	2010
10	Inception	2010
10	Inception	2010
10	Inception	2010
10	Inception	2010
10	Inception	2010
10	Inception	2010
10	Inception	2010
10	Inception	2010
10	Inception	2010
10	Inception	2010
10	Inception	2010
10	Inception	2010
10	Inception	2010
10	Inception	2010
10	Inception	2010
10	Inception	2010
10	Inception	2010
10	Inception	2010
10	Inception	2010
10	Inception	2010
10	Inception	2010
10	Inception	2010
10	Inception	2010
10	Inception	2010
10	Inception	2010
10	Inception	2010
10	Inception	2010
10	Inception	2010
10	Inception	2010
10	Inception	2010
10	Inception	2010
10	Inception	2010
10	Inception	2010
10	Inception	2010
10	Inception	2010
10	Inception	2010
10	Inception	2010
10	Inception	2010
10	Inception	2010
10	Inception	2010
10	Inception	2010
10	Inception	2010
10	Inception	2010
10	Inception	2010
10	Inception	2010
10	Inception	2010
10	Inception	2010
10	Inception	2010
10	Inception	2010
10	Inception	2010
10	Inception	2010
10	Inception	2010
10	Inception	2010
10	Inception	2010
10	Inception	2010
10	Inception	2010
10	Inception	2010
10	Inception	2010
10	Inception	2010
10	Inception	2010
10	Inception	2010
10	Inception	2010
10	Inception	2010
10	Inception	2010
10	Inception	2010
10	Inception	2010
10	Inception	2010
10	Inception	2010
10	Inception	2010
10	Inception	2010
10	Inception	2010
10	Inception	2010
10	Inception	2010
10	Inception	2010
10	Inception	2010
10	Inception	2010
10	Inception	2010
10	Inception	2010
10	Inception	2010
10	Inception	2010
10	Inception	2010
10	Inception	2010
10	Inception	2010
10	Inception	2010
10	Inception	2010
10	Inception	2010
10	Inception	2010
10	Inception	2010
10	Inception	2010
10	Inception	2010
10	Inception	2010
10	Inception	2010
10	Inception	2010
10	Inception	2010
10	Inception	2010
10	Inception	2010
10	Inception	2010
10	Inception	2010
10	Inception	2010
10	Inception	2010
10	Inception	2010
10	Inception	2010
10	Inception	2010
10	Inception	2010
10	Inception	2010
10	Inception	2010
10	Inception	2010
10	Inception	2010
10	Inception	2010
10	Inception	2010
10	Inception	2010
10	Inception	2010
10	Inception	2010
10	Inception	2010
10	Inception	2010
10	Inception	2010
10	Inception	2010
10	Inception	2010
10	Inception	2010
10	Inception	2010
10	Inception	2010
10	Inception	2010
10	Inception	2010
10	Inception	2010
10	Inception	2010
10	Inception	2010
10	Inception	2010
10	Inception	2010
10	Inception	2010
10	Inception	2010
10	Inception	2010
10	Inception	2010
10	Inception	2010
10	Inception	2010
10	Inception	2010
10	Inception	2010
10	Inception	2010
10	Inception	2010
10	Inception	2010
10	Inception	2010
10	Inception	2010
10	Inception	2010
10	Inception	2010
10	Inception	2010
10	Inception	2010
10	Inception	2010
10	Inception	2010
10	Inception	2010
10	Inception	2010
10	Inception	2010
10	Inception	2010
10	Inception	2010
10	Inception	2010
10	Inception	2010
10	Inception	2010
10	Inception	2010
10	Inception	2010
10	Inception	2010
10	Inception	2010
10	Inception	2010
10	Inception	2010
10	Inception	2010
10	Inception	2010
10	Inception	2010
10	Inception	2010
10	Inception	2010
10	Inception	2010
10	Inception	2010
10	Inception	2010
10	Inception	2010
10	Inception	2010
10	Inception	2010
10	Inception	2010
10	Inception	2010
10	Inception	2010
10	Inception	2010
10	Inception	2010
10	Inception	2010
10	Inception	2010
10	Inception	2010
10	Inception	2010
10	Inception	2010
10	Inception	2010
10	Inception	2010
10	Inception	2010
10	Inception	2010
10	Inception	2010
10	Inception	2010
10	Inception	2010
10	Inception	2010
10	Inception	2010
10	Inception	2010
10	Inception	2010
10	Inception	2010
10	Inception	2010
10	Inception	2010
10	Inception	2010
10	Inception	2010
10	Inception	2010
10	Inception	2010
10	Inception	2010
10	Inception	2010
10	Inception	2010
10	Inception	2010
10	Inception	2010
10	Inception	2010
10	Inception	2010
10	Inception	2010
10	Inception	2010
10	Inception	2010
10	Inception	2010
10	Inception	2010
10	Inception	2010
10	Inception	2010
10	Inception	2010
10	Inception	2010
10	Inception	2010
10	Inception	2010
10	Inception	2010
10	Inception	2010
10	Inception	2010
10	Inception	2010
10	Inception	2010
10	Inception	2010
10	Inception	2010
10	Inception	2010
10	Inception	2010
10	Inception	2010
10	Inception	2010
10	Inception	2010
10	Inception	2010
10	Inception	2010
10	Inception	2010
10	Inception	2010
10	Inception	2010
10	Inception	2010
10	Inception	2010
10	Inception	2010
10	Inception	2010
10	Inception	2010
10	Inception	2010
10	Inception	2010
10	Inception	2010
10	Inception	2010
10	Inception	2010
10	Inception	2010
10	Inception	2010
10	Inception	2010
10	Inception	2010
10	Inception	2010
10	Inception	2010
10	Inception	2010
10	Inception	2010
10	Inception	2010
10	Inception	2010
10	Inception	2010
10	Inception	2010
10	Inception	2010
10	Inception	2010
10	Inception	2010
10	Inception	2010
10	Inception	2010
10	Inception	2010
10	Inception	2010
10	Inception	2010
10	Inception	2010
10	Inception	2010
10	Inception	2010
10	Inception	2010
10	Inception	2010
10	Inception	2010
10	Inception	2010
10	Inception	2010
10	Inception	2010
10	Inception	2010
10	Inception	2010
10	Inception	2010
10	Inception	2010
10	Inception	2010
10	Inception	2010
10	Inception	2010
10	Inception	2010
10	Inception	2010
10	Inception	2010
10	Inception	2010
10	Inception	2010
10	Inception	2010
10	Inception	2010
10	Inception	2010
10	Inception	2010
10	Inception	2010
10	Inception	2010
10	Inception	2010
10	Inception	2010
10	Inception	2010
10	Inception	2010
10	Inception	2010
10	Inception	2010
10	Inception	2010
10	Inception	2010
10	Inception	2010
10	Inception	2010
10	Inception	2010
10	Inception	2010
10	Inception	2010
10	Inception	2010
10	Inception	2010
10	Inception	2010
10	Inception	2010
10	Inception	2010
10	Inception	2010
10	Inception	2010
10	Inception	2010
10	Inception	2010
10	Inception	2010
10	Inception	2010
10	Inception	2010
10	Inception	2010
10	Inception	2010
10	Inception	2010
10	Inception	2010
10	Inception	2010
10	Inception	2010
10	Inception	2010
10	Inception	2010
10	Inception	2010
10	Inception	2010
10	Inception	2010
10	Inception	2010
10	Inception	2010
10	Inception	2010
10	Inception	2010
10	Inception	2010
10	Inception	2010
10	Inception	2010
10	Inception	2010
10	Inception	2010
10	Inception	2010
10	Inception	2010
10	Inception	2010
10	Inception	2010
10	Inception	2010
10	Inception	2010
10	Inception	2010
10	Inception	2010
10	Inception	2010
10	Inception	2010
10	Inception	2010
10	Inception	2010
10	Inception	2010
10	Inception	2010
10	Inception	2010
10	Inception	2010
10	Inception	2010
10	Inception	2010
10	Inception	2010
10	Inception	2010
10	Inception	2010
10	Inception	2010
10	Inception	2010
10	Inception	2010
10	Inception	2010
10	Inception	2010
10	Inception	2010
10	Inception	2010
10	Inception	2010
10	Inception	2010
10	Inception	2010
10	Inception	2010
10	Inception	2010
10	Inception	2010
10	Inception	2010
10	Inception	2010
10	Inception	2010
10	Inception	2010
10	Inception	2010
10	Inception	2010
10	Inception	2010
10	Inception	2010
10	Inception	2010
10	Inception	2010
10	Inception	2010
10	Inception	2010
10	Inception	2010
10	Inception	2010
10	Inception	2010
10	Inception	2010
10	Inception	2010
10	Inception	2010
10	Inception	2010
10	Inception	2010
10	Inception	2010
10	Inception	2010
10	Inception	2010
10	Inception	2010
10	Inception	2010
10	Inception	2010
10	Inception	2010
10	Inception	2010
10	Inception	2010
10	Inception	2010
10	Inception	2010
10	Inception	2010
10	Inception	2010
10	Inception	2010
10	Inception	2010
10	Inception	2010
10	Inception	2010
10	Inception	2010
10	Inception	2010
10	Inception	2010
10	Inception	2010
10	Inception	2010
10	Inception	2010
10	Inception	2010
10	Inception	2010
10	Inception	2010
10	Inception	2010
10	Inception	2010
10	Inception	2010
10	Inception	2010
10	Inception	2010
10	Inception	2010
10	Inception	2010
10	Inception	2010
10	Inception	2010
10	Inception	2010
10	Inception	2010
10	Inception	2010
10	Inception	2010
10	Inception	2010
10	Inception	2010
10	Inception	2010
10	Inception	2010
10	Inception	2010
10	Inception	2010
10	Inception	2010
10	Inception	2010
10	Inception	2010
10	Inception	2010
10	Inception	2010
10	Inception	2010
10	Inception	2010
10	Inception	2010
10	Inception	2010
10	Inception	2010
10	Inception	2010
10	Inception	2010
10	Inception	2010
10	Inception	2010
10	Inception	2010
10	Inception	2010
10	Inception	2010
10	Inception	2010
10	Inception	2010
10	Inception	2010
10	Inception	2010
10	Inception	2010
10	Inception	2010
10	Inception	2010
10	Inception	2010
10	Inception	2010
10	Inception	2010
10	Inception	2010
10	Inception	2010
10	Inception	2010
10	Inception	2010
10	Inception	2010
10	Inception	2010
10	Inception	2010
10	Inception	2010
10	Inception	2010
10	Inception	2010
10	Inception	2010
10	Inception	2010
10	Inception	2010
10	Inception	2010
10	Inception	2010
10	Inception	2010
10	Inception	2010
10	Inception	2010
10	Inception	2010
10	Inception	2010
10	Inception	2010
10	Inception	2010
10	Inception	2010
10	Inception	2010
10	Inception	2010
10	Inception	2010
10	Inception	2010
10	Inception	2010
10	Inception	2010
10	Inception	2010
10	Inception	2010
10	Inception	2010
10	Inception	2010
10	Inception	2010
10	Inception	2010
10	Inception	2010
10	Inception	2010
10	Inception	2010
10	Inception	2010
10	Inception	2010
10	Inception	2010
10	Inception	2010
10	Inception	2010
10	Inception	2010
10	Inception	2010
10	Inception	2010
10	Inception	2010
10	Inception	2010
10	Inception	2010
10	Inception	2010
10	Inception	2010
10	Inception	2010
10	Inception	2010
10	Inception	2010
10	Inception	2010
10	Inception	2010
10	Inception	2010
10	Inception	2010
10	Inception	2010
10	Inception	2010
10	Inception	2010
10	Inception	2010
10	Inception	2010
10	Inception	2010
10	Inception	2010
7	Toy Story 3	2010
7	Toy Story 3	2010
7	Toy Story 3	2010
7	Toy Story 3	2010
7	Toy Story 3	2010
7	Toy Story 3	2010
7	Toy Story 3	2010
7	Toy Story 3	2010
7	Toy Story 3	2010
7	Toy Story 3	2010
7	Toy Story 3	2010
7	Toy Story 3	2010
7	Toy Story 3	2010
7	Toy Story 3	2010
7	Toy Story 3	2010
7	Toy Story 3	2010
7	Toy Story 3	2010
7	Toy Story 3	2010
7	Toy Story 3	2010
7	Toy Story 3	2010
7	Toy Story 3	2010
7	Toy Story 3	2010
7	Toy Story 3	2010
7	Toy Story 3	2010
7	Toy Story 3	2010
7	Toy Story 3	2010
7	Toy Story 3	2010
7	Toy Story 3	2010
7	Toy Story 3	2010
7	Toy Story 3	2010
7	Toy Story 3	2010
7	Toy Story 3	2010
7	Toy Story 3	2010
7	Toy Story 3	2010
7	Toy Story 3	2010
7	Toy Story 3	2010
7	Toy Story 3	2010
7	Toy Story 3	2010
7	Toy Story 3	2010
7	Toy Story 3	2010
7	Toy Story 3	2010
7	Toy Story 3	2010
7	Toy Story 3	2010
7	Toy Story 3	2010
7	Toy Story 3	2010
7	Toy Story 3	2010
7	Toy Story 3	2010
7	Toy Story 3	2010
7	Toy Story 3	2010
7	Toy Story 3	2010
7	Toy Story 3	2010
7	Toy Story 3	2010
7	Toy Story 3	2010
7	Toy Story 3	2010
7	Toy Story 3	2010
7	Toy Story 3	2010
7	Toy Story 3	2010
7	Toy Story 3	2010
7	Toy Story 3	2010
7	Toy Story 3	2010
7	Toy Story 3	2010
7	Toy Story 3	2010
7	Toy Story 3	2010
7	Toy Story 3	2010
7	Toy Story 3	2010
7	Toy Story 3	2010
7	Toy Story 3	2010
7	Toy Story 3	2010
7	Toy Story 3	2010
7	Toy Story 3	2010
7	Toy Story 3	2010
7	Toy Story 3	2010
7	Toy Story 3	2010
7	Toy Story 3	2010
7	Toy Story 3	2010
7	Toy Story 3	2010
7	Toy Story 3	2010
7	Toy Story 3	2010
7	Toy Story 3	2010
7	Toy Story 3	2010
8	Toy Story 3	2010
8	Toy Story 3	2010
8	Toy Story 3	2010
8	Toy Story 3	2010
8	Toy Story 3	2010
8	Toy Story 3	2010
8	Toy Story 3	2010
8	Toy Story 3	2010
8	Toy Story 3	2010
8	Toy Story 3	2010
8	Toy Story 3	2010
8	Toy Story 3	2010
8	Toy Story 3	2010
8	Toy Story 3	2010
8	Toy Story 3	2010
8	Toy Story 3	2010
8	Toy Story 3	2010
8	Toy Story 3	2010
8	Toy Story 3	2010
8	Toy Story 3	2010
8	Toy Story 3	2010
8	Toy Story 3	2010
8	Toy Story 3	2010
8	Toy Story 3	2010
8	Toy Story 3	2010
8	Toy Story 3	2010
8	Toy Story 3	2010
8	Toy Story 3	2010
8	Toy Story 3	2010
8	Toy Story 3	2010
8	Toy Story 3	2010
8	Toy Story 3	2010
8	Toy Story 3	2010
8	Toy Story 3	2010
8	Toy Story 3	2010
8	Toy Story 3	2010
8	Toy Story 3	2010
8	Toy Story 3	2010
8	Toy Story 3	2010
8	Toy Story 3	2010
8	Toy Story 3	2010
8	Toy Story 3	2010
8	Toy Story 3	2010
8	Toy Story 3	2010
8	Toy Story 3	2010
8	Toy Story 3	2010
8	Toy Story 3	2010
8	Toy Story 3	2010
8	Toy Story 3	2010
8	Toy Story 3	2010
8	Toy Story 3	2010
8	Toy Story 3	2010
8	Toy Story 3	2010
8	Toy Story 3	2010
8	Toy Story 3	2010
8	Toy Story 3	2010
8	Toy Story 3	2010
8	Toy Story 3	2010
8	Toy Story 3	2010
8	Toy Story 3	2010
8	Toy Story 3	2010
8	Toy Story 3	2010
8	Toy Story 3	2010
8	Toy Story 3	2010
8	Toy Story 3	2010
8	Toy Story 3	2010
8	Toy Story 3	2010
8	Toy Story 3	2010
8	Toy Story 3	2010
8	Toy Story 3	2010
8	Toy Story 3	2010
8	Toy Story 3	2010
8	Toy Story 3	2010
8	Toy Story 3	2010
8	Toy Story 3	2010
8	Toy Story 3	2010
8	Toy Story 3	2010
8	Toy Story 3	2010
8	Toy Story 3	2010
8	Toy Story 3	2010
8	Toy Story 3	2010
8	Toy Story 3	2010
8	Toy Story 3	2010
8	Toy Story 3	2010
8	Toy Story 3	2010
8	Toy Story 3	2010
8	Toy Story 3	2010
8	Toy Story 3	2010
8	Toy Story 3	2010
8	Toy Story 3	2010
8	Toy Story 3	2010
8	Toy Story 3	2010
8	Toy Story 3	2010
8	Toy Story 3	2010
8	Toy Story 3	2010
8	Toy Story 3	2010
8	Toy Story 3	2010
8	Toy Story 3	2010
8	Toy Story 3	2010
8	Toy Story 3	2010
8	Toy Story 3	2010
8	Toy Story 3	2010
8	Toy Story 3	2010
8	Toy Story 3	2010
8	Toy Story 3	2010
8	Toy Story 3	2010
8	Toy Story 3	2010
8	Toy Story 3	2010
8	Toy Story 3	2010
8	Toy Story 3	2010
8	Toy Story 3	2010
8	Toy Story 3	2010
8	Toy Story 3	2010
8	Toy Story 3	2010
8	Toy Story 3	2010
8	Toy Story 3	2010
8	Toy Story 3	2010
8	Toy Story 3	2010
8	Toy Story 3	2010
8	Toy Story 3	2010
8	Toy Story 3	2010
8	Toy Story 3	2010
8	Toy Story 3	2010
8	Toy Story 3	2010
8	Toy Story 3	2010
8	Toy Story 3	2010
8	Toy Story 3	2010
8	Toy Story 3	2010
8	Toy Story 3	2010
8	Toy Story 3	2010
8	Toy Story 3	2010
8	Toy Story 3	2010
8	Toy Story 3	2010
8	Toy Story 3	2010
8	Toy Story 3	2010
8	Toy Story 3	2010
8	Toy Story 3	2010
8	Toy Story 3	2010
8	Toy Story 3	2010
8	Toy Story 3	2010
8	Toy Story 3	2010
8	Toy Story 3	2010
8	Toy Story 3	2010
8	Toy Story 3	2010
8	Toy Story 3	2010
8	Toy Story 3	2010
8	Toy Story 3	2010
8	Toy Story 3	2010
8	Toy Story 3	2010
8	Toy Story 3	2010
8	Toy Story 3	2010
8	Toy Story 3	2010
8	Toy Story 3	2010
8	Toy Story 3	2010
8	Toy Story 3	2010
8	Toy Story 3	2010
8	Toy Story 3	2010
8	Toy Story 3	2010
8	Toy Story 3	2010
8	Toy Story 3	2010
9	Toy Story 3	2010
9	Toy Story 3	2010
9	Toy Story 3	2010
9	Toy Story 3	2010
9	Toy Story 3	2010
9	Toy Story 3	2010
9	Toy Story 3	2010
9	Toy Story 3	2010
9	Toy Story 3	2010
9	Toy Story 3	2010
9	Toy Story 3	2010
9	Toy Story 3	2010
9	Toy Story 3	2010
9	Toy Story 3	2010
9	Toy Story 3	2010
9	Toy Story 3	2010
9	Toy Story 3	2010
9	Toy Story 3	2010
9	Toy Story 3	2010
9	Toy Story 3	2010
9	Toy Story 3	2010
9	Toy Story 3	2010
9	Toy Story 3	2010
9	Toy Story 3	2010
9	Toy Story 3	2010
9	Toy Story 3	2010
9	Toy Story 3	2010
9	Toy Story 3	2010
9	Toy Story 3	2010
9	Toy Story 3	2010
9	Toy Story 3	2010
9	Toy Story 3	2010
9	Toy Story 3	2010
9	Toy Story 3	2010
9	Toy Story 3	2010
9	Toy Story 3	2010
9	Toy Story 3	2010
9	Toy Story 3	2010
9	Toy Story 3	2010
9	Toy Story 3	2010
9	Toy Story 3	2010
9	Toy Story 3	2010
9	Toy Story 3	2010
9	Toy Story 3	2010
9	Toy Story 3	2010
9	Toy Story 3	2010
9	Toy Story 3	2010
9	Toy Story 3	2010
9	Toy Story 3	2010
9	Toy Story 3	2010
9	Toy Story 3	2010
9	Toy Story 3	2010
9	Toy Story 3	2010
9	Toy Story 3	2010
9	Toy Story 3	2010
9	Toy Story 3	2010
9	Toy Story 3	2010
9	Toy Story 3	2010
9	Toy Story 3	2010
9	Toy Story 3	2010
9	Toy Story 3	2010
9	Toy Story 3	2010
9	Toy Story 3	2010
9	Toy Story 3	2010
9	Toy Story 3	2010
9	Toy Story 3	2010
9	Toy Story 3	2010
9	Toy Story 3	2010
9	Toy Story 3	2010
9	Toy Story 3	2010
9	Toy Story 3	2010
9	Toy Story 3	2010
9	Toy Story 3	2010
9	Toy Story 3	2010
9	Toy Story 3	2010
9	Toy Story 3	2010
9	Toy Story 3	2010
9	Toy Story 3	2010
9	Toy Story 3	2010
9	Toy Story 3	2010
9	Toy Story 3	2010
9	Toy Story 3	2010
9	Toy Story 3	2010
9	Toy Story 3	2010
9	Toy Story 3	2010
9	Toy Story 3	2010
9	Toy Story 3	2010
9	Toy Story 3	2010
9	Toy Story 3	2010
9	Toy Story 3	2010
9	Toy Story 3	2010
9	Toy Story 3	2010
9	Toy Story 3	2010
9	Toy Story 3	2010
9	Toy Story 3	2010
9	Toy Story 3	2010
9	Toy Story 3	2010
9	Toy Story 3	2010
9	Toy Story 3	2010
9	Toy Story 3	2010
9	Toy Story 3	2010
9	Toy Story 3	2010
9	Toy Story 3	2010
9	Toy Story 3	2010
9	Toy Story 3	2010
9	Toy Story 3	2010
9	Toy Story 3	2010
9	Toy Story 3	2010
9	Toy Story 3	2010
9	Toy Story 3	2010
9	Toy Story 3	2010
9	Toy Story 3	2010
9	Toy Story 3	2010
9	Toy Story 3	2010
9	Toy Story 3	2010
9	Toy Story 3	2010
9	Toy Story 3	2010
9	Toy Story 3	2010
9	Toy Story 3	2010
9	Toy Story 3	2010
9	Toy Story 3	2010
9	Toy Story 3	2010
9	Toy Story 3	2010
9	Toy Story 3	2010
9	Toy Story 3	2010
9	Toy Story 3	2010
9	Toy Story 3	2010
9	Toy Story 3	2010
9	Toy Story 3	2010
9	Toy Story 3	2010
9	Toy Story 3	2010
9	Toy Story 3	2010
9	Toy Story 3	2010
9	Toy Story 3	2010
9	Toy Story 3	2010
9	Toy Story 3	2010
9	Toy Story 3	2010
9	Toy Story 3	2010
9	Toy Story 3	2010
9	Toy Story 3	2010
9	Toy Story 3	2010
9	Toy Story 3	2010
9	Toy Story 3	2010
9	Toy Story 3	2010
9	Toy Story 3	2010
9	Toy Story 3	2010
9	Toy Story 3	2010
9	Toy Story 3	2010
9	Toy Story 3	2010
9	Toy Story 3	2010
9	Toy Story 3	2010
9	Toy Story 3	2010
9	Toy Story 3	2010
9	Toy Story 3	2010
9	Toy Story 3	2010
9	Toy Story 3	2010
9	Toy Story 3	2010
9	Toy Story 3	2010
9	Toy Story 3	2010
9	Toy Story 3	2010
10	Toy Story 3	2010
10	Toy Story 3	2010
10	Toy Story 3	2010
10	Toy Story 3	2010
10	Toy Story 3	2010
10	Toy Story 3	2010
10	Toy Story 3	2010
10	Toy Story 3	2010
10	Toy Story 3	2010
10	Toy Story 3	2010
10	Toy Story 3	2010
10	Toy Story 3	2010
10	Toy Story 3	2010
10	Toy Story 3	2010
10	Toy Story 3	2010
10	Toy Story 3	2010
10	Toy Story 3	2010
10	Toy Story 3	2010
10	Toy Story 3	2010
10	Toy Story 3	2010
10	Toy Story 3	2010
10	Toy Story 3	2010
10	Toy Story 3	2010
10	Toy Story 3	2010
10	Toy Story 3	2010
10	Toy Story 3	2010
10	Toy Story 3	2010
10	Toy Story 3	2010
10	Toy Story 3	2010
10	Toy Story 3	2010
10	Toy Story 3	2010
10	Toy Story 3	2010
10	Toy Story 3	2010
10	Toy Story 3	2010
10	Toy Story 3	2010
10	Toy Story 3	2010
10	Toy Story 3	2010
10	Toy Story 3	2010
10	Toy Story 3	2010
10	Toy Story 3	2010
10	Toy Story 3	2010
10	Toy Story 3	2010
10	Toy Story 3	2010
10	Toy Story 3	2010
10	Toy Story 3	2010
10	Toy Story 3	2010
10	Toy Story 3	2010
10	Toy Story 3	2010
10	Toy Story 3	2010
10	Toy Story 3	2010
10	Toy Story 3	2010
10	Toy Story 3	2010
10	Toy Story 3	2010
10	Toy Story 3	2010
10	Toy Story 3	2010
10	Toy Story 3	2010
10	Toy Story 3	2010
10	Toy Story 3	2010
10	Toy Story 3	2010
10	Toy Story 3	2010
10	Toy Story 3	2010
10	Toy Story 3	2010
10	Toy Story 3	2010
10	Toy Story 3	2010
10	Toy Story 3	2010
10	Toy Story 3	2010
10	Toy Story 3	2010
10	Toy Story 3	2010
10	Toy Story 3	2010
10	Toy Story 3	2010
10	Toy Story 3	2010
10	Toy Story 3	2010
10	Toy Story 3	2010
10	Toy Story 3	2010
10	Toy Story 3	2010
10	Toy Story 3	2010
10	Toy Story 3	2010
10	Toy Story 3	2010
10	Toy Story 3	2010
10	Toy Story 3	2010
10	Toy Story 3	2010
10	Toy Story 3	2010
10	Toy Story 3	2010
10	Toy Story 3	2010
10	Toy Story 3	2010
10	Toy Story 3	2010
10	Toy Story 3	2010
10	Toy Story 3	2010
10	Toy Story 3	2010
10	Toy Story 3	2010
10	Toy Story 3	2010
10	Toy Story 3	2010
10	Toy Story 3	2010
10	Toy Story 3	2010
10	Toy Story 3	2010
10	Toy Story 3	2010
10	Toy Story 3	2010
10	Toy Story 3	2010
10	Toy Story 3	2010
10	Toy Story 3	2010
10	Toy Story 3	2010
10	Toy Story 3	2010
10	Toy Story 3	2010
10	Toy Story 3	2010
10	Toy Story 3	2010
10	Toy Story 3	2010
10	Toy Story 3	2010
10	Toy Story 3	2010
10	Toy Story 3	2010
10	Toy Story 3	2010
10	Toy Story 3	2010
10	Toy Story 3	2010
10	Toy Story 3	2010
10	Toy Story 3	2010
10	Toy Story 3	2010
10	Toy Story 3	2010
10	Toy Story 3	2010
10	Toy Story 3	2010
10	Toy Story 3	2010
10	Toy Story 3	2010
10	Toy Story 3	2010
10	Toy Story 3	2010
10	Toy Story 3	2010
10	Toy Story 3	2010
10	Toy Story 3	2010
10	Toy Story 3	2010
10	Toy Story 3	2010
10	Toy Story 3	2010
10	Toy Story 3	2010
10	Toy Story 3	2010
10	Toy Story 3	2010
10	Toy Story 3	2010
10	Toy Story 3	2010
10	Toy Story 3	2010
10	Toy Story 3	2010
10	Toy Story 3	2010
10	Toy Story 3	2010
10	Toy Story 3	2010
10	Toy Story 3	2010
10	Toy Story 3	2010
10	Toy Story 3	2010
10	Toy Story 3	2010
10	Toy Story 3	2010
10	Toy Story 3	2010
10	Toy Story 3	2010
10	Toy Story 3	2010
10	Toy Story 3	2010
10	Toy Story 3	2010
10	Toy Story 3	2010
10	Toy Story 3	2010
10	Toy Story 3	2010
10	Toy Story 3	2010
10	Toy Story 3	2010
10	Toy Story 3	2010
10	Toy Story 3	2010
10	Toy Story 3	2010
10	Toy Story 3	2010
10	Toy Story 3	2010
10	Toy Story 3	2010
10	Toy Story 3	2010
7	Incendies	2010
7	Incendies	2010
7	Incendies	2010
7	Incendies	2010
7	Incendies	2010
7	Incendies	2010
7	Incendies	2010
7	Incendies	2010
7	Incendies	2010
7	Incendies	2010
7	Incendies	2010
7	Incendies	2010
7	Incendies	2010
7	Incendies	2010
8	Incendies	2010
8	Incendies	2010
8	Incendies	2010
8	Incendies	2010
8	Incendies	2010
8	Incendies	2010
8	Incendies	2010
8	Incendies	2010
8	Incendies	2010
8	Incendies	2010
8	Incendies	2010
8	Incendies	2010
8	Incendies	2010
8	Incendies	2010
8	Incendies	2010
8	Incendies	2010
8	Incendies	2010
8	Incendies	2010
8	Incendies	2010
8	Incendies	2010
8	Incendies	2010
8	Incendies	2010
8	Incendies	2010
8	Incendies	2010
8	Incendies	2010
8	Incendies	2010
8	Incendies	2010
8	Incendies	2010
9	Incendies	2010
9	Incendies	2010
9	Incendies	2010
9	Incendies	2010
9	Incendies	2010
9	Incendies	2010
9	Incendies	2010
9	Incendies	2010
9	Incendies	2010
9	Incendies	2010
9	Incendies	2010
9	Incendies	2010
9	Incendies	2010
9	Incendies	2010
9	Incendies	2010
9	Incendies	2010
9	Incendies	2010
9	Incendies	2010
9	Incendies	2010
9	Incendies	2010
9	Incendies	2010
9	Incendies	2010
9	Incendies	2010
9	Incendies	2010
9	Incendies	2010
9	Incendies	2010
9	Incendies	2010
9	Incendies	2010
10	Incendies	2010
10	Incendies	2010
10	Incendies	2010
10	Incendies	2010
10	Incendies	2010
10	Incendies	2010
10	Incendies	2010
10	Incendies	2010
10	Incendies	2010
10	Incendies	2010
10	Incendies	2010
10	Incendies	2010
10	Incendies	2010
10	Incendies	2010
7	How to Train Your Dragon	2010
7	How to Train Your Dragon	2010
7	How to Train Your Dragon	2010
7	How to Train Your Dragon	2010
7	How to Train Your Dragon	2010
7	How to Train Your Dragon	2010
7	How to Train Your Dragon	2010
7	How to Train Your Dragon	2010
7	How to Train Your Dragon	2010
7	How to Train Your Dragon	2010
7	How to Train Your Dragon	2010
7	How to Train Your Dragon	2010
7	How to Train Your Dragon	2010
7	How to Train Your Dragon	2010
7	How to Train Your Dragon	2010
7	How to Train Your Dragon	2010
7	How to Train Your Dragon	2010
7	How to Train Your Dragon	2010
7	How to Train Your Dragon	2010
7	How to Train Your Dragon	2010
7	How to Train Your Dragon	2010
7	How to Train Your Dragon	2010
7	How to Train Your Dragon	2010
7	How to Train Your Dragon	2010
7	How to Train Your Dragon	2010
7	How to Train Your Dragon	2010
7	How to Train Your Dragon	2010
7	How to Train Your Dragon	2010
7	How to Train Your Dragon	2010
7	How to Train Your Dragon	2010
7	How to Train Your Dragon	2010
7	How to Train Your Dragon	2010
7	How to Train Your Dragon	2010
7	How to Train Your Dragon	2010
7	How to Train Your Dragon	2010
7	How to Train Your Dragon	2010
7	How to Train Your Dragon	2010
7	How to Train Your Dragon	2010
7	How to Train Your Dragon	2010
7	How to Train Your Dragon	2010
7	How to Train Your Dragon	2010
7	How to Train Your Dragon	2010
7	How to Train Your Dragon	2010
7	How to Train Your Dragon	2010
7	How to Train Your Dragon	2010
7	How to Train Your Dragon	2010
7	How to Train Your Dragon	2010
7	How to Train Your Dragon	2010
7	How to Train Your Dragon	2010
7	How to Train Your Dragon	2010
7	How to Train Your Dragon	2010
7	How to Train Your Dragon	2010
7	How to Train Your Dragon	2010
7	How to Train Your Dragon	2010
7	How to Train Your Dragon	2010
7	How to Train Your Dragon	2010
7	How to Train Your Dragon	2010
7	How to Train Your Dragon	2010
7	How to Train Your Dragon	2010
7	How to Train Your Dragon	2010
7	How to Train Your Dragon	2010
7	How to Train Your Dragon	2010
7	How to Train Your Dragon	2010
7	How to Train Your Dragon	2010
7	How to Train Your Dragon	2010
7	How to Train Your Dragon	2010
7	How to Train Your Dragon	2010
7	How to Train Your Dragon	2010
7	How to Train Your Dragon	2010
7	How to Train Your Dragon	2010
7	How to Train Your Dragon	2010
8	How to Train Your Dragon	2010
8	How to Train Your Dragon	2010
8	How to Train Your Dragon	2010
8	How to Train Your Dragon	2010
8	How to Train Your Dragon	2010
8	How to Train Your Dragon	2010
8	How to Train Your Dragon	2010
8	How to Train Your Dragon	2010
8	How to Train Your Dragon	2010
8	How to Train Your Dragon	2010
8	How to Train Your Dragon	2010
8	How to Train Your Dragon	2010
8	How to Train Your Dragon	2010
8	How to Train Your Dragon	2010
8	How to Train Your Dragon	2010
8	How to Train Your Dragon	2010
8	How to Train Your Dragon	2010
8	How to Train Your Dragon	2010
8	How to Train Your Dragon	2010
8	How to Train Your Dragon	2010
8	How to Train Your Dragon	2010
8	How to Train Your Dragon	2010
8	How to Train Your Dragon	2010
8	How to Train Your Dragon	2010
8	How to Train Your Dragon	2010
8	How to Train Your Dragon	2010
8	How to Train Your Dragon	2010
8	How to Train Your Dragon	2010
8	How to Train Your Dragon	2010
8	How to Train Your Dragon	2010
8	How to Train Your Dragon	2010
8	How to Train Your Dragon	2010
8	How to Train Your Dragon	2010
8	How to Train Your Dragon	2010
8	How to Train Your Dragon	2010
8	How to Train Your Dragon	2010
8	How to Train Your Dragon	2010
8	How to Train Your Dragon	2010
8	How to Train Your Dragon	2010
8	How to Train Your Dragon	2010
8	How to Train Your Dragon	2010
8	How to Train Your Dragon	2010
8	How to Train Your Dragon	2010
8	How to Train Your Dragon	2010
8	How to Train Your Dragon	2010
8	How to Train Your Dragon	2010
8	How to Train Your Dragon	2010
8	How to Train Your Dragon	2010
8	How to Train Your Dragon	2010
8	How to Train Your Dragon	2010
8	How to Train Your Dragon	2010
8	How to Train Your Dragon	2010
8	How to Train Your Dragon	2010
8	How to Train Your Dragon	2010
8	How to Train Your Dragon	2010
8	How to Train Your Dragon	2010
8	How to Train Your Dragon	2010
8	How to Train Your Dragon	2010
8	How to Train Your Dragon	2010
8	How to Train Your Dragon	2010
8	How to Train Your Dragon	2010
8	How to Train Your Dragon	2010
8	How to Train Your Dragon	2010
8	How to Train Your Dragon	2010
8	How to Train Your Dragon	2010
8	How to Train Your Dragon	2010
8	How to Train Your Dragon	2010
8	How to Train Your Dragon	2010
8	How to Train Your Dragon	2010
8	How to Train Your Dragon	2010
8	How to Train Your Dragon	2010
8	How to Train Your Dragon	2010
8	How to Train Your Dragon	2010
8	How to Train Your Dragon	2010
8	How to Train Your Dragon	2010
8	How to Train Your Dragon	2010
8	How to Train Your Dragon	2010
8	How to Train Your Dragon	2010
8	How to Train Your Dragon	2010
8	How to Train Your Dragon	2010
8	How to Train Your Dragon	2010
8	How to Train Your Dragon	2010
8	How to Train Your Dragon	2010
8	How to Train Your Dragon	2010
8	How to Train Your Dragon	2010
8	How to Train Your Dragon	2010
8	How to Train Your Dragon	2010
8	How to Train Your Dragon	2010
8	How to Train Your Dragon	2010
8	How to Train Your Dragon	2010
8	How to Train Your Dragon	2010
8	How to Train Your Dragon	2010
8	How to Train Your Dragon	2010
8	How to Train Your Dragon	2010
8	How to Train Your Dragon	2010
8	How to Train Your Dragon	2010
8	How to Train Your Dragon	2010
8	How to Train Your Dragon	2010
8	How to Train Your Dragon	2010
8	How to Train Your Dragon	2010
8	How to Train Your Dragon	2010
8	How to Train Your Dragon	2010
8	How to Train Your Dragon	2010
8	How to Train Your Dragon	2010
8	How to Train Your Dragon	2010
8	How to Train Your Dragon	2010
8	How to Train Your Dragon	2010
8	How to Train Your Dragon	2010
8	How to Train Your Dragon	2010
8	How to Train Your Dragon	2010
8	How to Train Your Dragon	2010
8	How to Train Your Dragon	2010
8	How to Train Your Dragon	2010
8	How to Train Your Dragon	2010
8	How to Train Your Dragon	2010
8	How to Train Your Dragon	2010
8	How to Train Your Dragon	2010
8	How to Train Your Dragon	2010
8	How to Train Your Dragon	2010
8	How to Train Your Dragon	2010
8	How to Train Your Dragon	2010
8	How to Train Your Dragon	2010
8	How to Train Your Dragon	2010
8	How to Train Your Dragon	2010
8	How to Train Your Dragon	2010
8	How to Train Your Dragon	2010
8	How to Train Your Dragon	2010
8	How to Train Your Dragon	2010
8	How to Train Your Dragon	2010
8	How to Train Your Dragon	2010
8	How to Train Your Dragon	2010
8	How to Train Your Dragon	2010
8	How to Train Your Dragon	2010
8	How to Train Your Dragon	2010
8	How to Train Your Dragon	2010
8	How to Train Your Dragon	2010
8	How to Train Your Dragon	2010
8	How to Train Your Dragon	2010
8	How to Train Your Dragon	2010
8	How to Train Your Dragon	2010
8	How to Train Your Dragon	2010
8	How to Train Your Dragon	2010
8	How to Train Your Dragon	2010
8	How to Train Your Dragon	2010
8	How to Train Your Dragon	2010
8	How to Train Your Dragon	2010
8	How to Train Your Dragon	2010
8	How to Train Your Dragon	2010
8	How to Train Your Dragon	2010
8	How to Train Your Dragon	2010
8	How to Train Your Dragon	2010
8	How to Train Your Dragon	2010
8	How to Train Your Dragon	2010
8	How to Train Your Dragon	2010
8	How to Train Your Dragon	2010
8	How to Train Your Dragon	2010
8	How to Train Your Dragon	2010
8	How to Train Your Dragon	2010
8	How to Train Your Dragon	2010
8	How to Train Your Dragon	2010
8	How to Train Your Dragon	2010
8	How to Train Your Dragon	2010
8	How to Train Your Dragon	2010
8	How to Train Your Dragon	2010
8	How to Train Your Dragon	2010
8	How to Train Your Dragon	2010
8	How to Train Your Dragon	2010
8	How to Train Your Dragon	2010
8	How to Train Your Dragon	2010
8	How to Train Your Dragon	2010
8	How to Train Your Dragon	2010
8	How to Train Your Dragon	2010
8	How to Train Your Dragon	2010
8	How to Train Your Dragon	2010
8	How to Train Your Dragon	2010
8	How to Train Your Dragon	2010
8	How to Train Your Dragon	2010
8	How to Train Your Dragon	2010
8	How to Train Your Dragon	2010
8	How to Train Your Dragon	2010
8	How to Train Your Dragon	2010
8	How to Train Your Dragon	2010
8	How to Train Your Dragon	2010
8	How to Train Your Dragon	2010
8	How to Train Your Dragon	2010
8	How to Train Your Dragon	2010
8	How to Train Your Dragon	2010
8	How to Train Your Dragon	2010
8	How to Train Your Dragon	2010
8	How to Train Your Dragon	2010
8	How to Train Your Dragon	2010
8	How to Train Your Dragon	2010
8	How to Train Your Dragon	2010
8	How to Train Your Dragon	2010
8	How to Train Your Dragon	2010
8	How to Train Your Dragon	2010
8	How to Train Your Dragon	2010
8	How to Train Your Dragon	2010
8	How to Train Your Dragon	2010
8	How to Train Your Dragon	2010
8	How to Train Your Dragon	2010
8	How to Train Your Dragon	2010
8	How to Train Your Dragon	2010
8	How to Train Your Dragon	2010
8	How to Train Your Dragon	2010
8	How to Train Your Dragon	2010
8	How to Train Your Dragon	2010
8	How to Train Your Dragon	2010
8	How to Train Your Dragon	2010
8	How to Train Your Dragon	2010
8	How to Train Your Dragon	2010
8	How to Train Your Dragon	2010
8	How to Train Your Dragon	2010
8	How to Train Your Dragon	2010
8	How to Train Your Dragon	2010
9	How to Train Your Dragon	2010
9	How to Train Your Dragon	2010
9	How to Train Your Dragon	2010
9	How to Train Your Dragon	2010
9	How to Train Your Dragon	2010
9	How to Train Your Dragon	2010
9	How to Train Your Dragon	2010
9	How to Train Your Dragon	2010
9	How to Train Your Dragon	2010
9	How to Train Your Dragon	2010
9	How to Train Your Dragon	2010
9	How to Train Your Dragon	2010
9	How to Train Your Dragon	2010
9	How to Train Your Dragon	2010
9	How to Train Your Dragon	2010
9	How to Train Your Dragon	2010
9	How to Train Your Dragon	2010
9	How to Train Your Dragon	2010
9	How to Train Your Dragon	2010
9	How to Train Your Dragon	2010
9	How to Train Your Dragon	2010
9	How to Train Your Dragon	2010
9	How to Train Your Dragon	2010
9	How to Train Your Dragon	2010
9	How to Train Your Dragon	2010
9	How to Train Your Dragon	2010
9	How to Train Your Dragon	2010
9	How to Train Your Dragon	2010
9	How to Train Your Dragon	2010
9	How to Train Your Dragon	2010
9	How to Train Your Dragon	2010
9	How to Train Your Dragon	2010
9	How to Train Your Dragon	2010
9	How to Train Your Dragon	2010
9	How to Train Your Dragon	2010
9	How to Train Your Dragon	2010
9	How to Train Your Dragon	2010
9	How to Train Your Dragon	2010
9	How to Train Your Dragon	2010
9	How to Train Your Dragon	2010
9	How to Train Your Dragon	2010
9	How to Train Your Dragon	2010
9	How to Train Your Dragon	2010
9	How to Train Your Dragon	2010
9	How to Train Your Dragon	2010
9	How to Train Your Dragon	2010
9	How to Train Your Dragon	2010
9	How to Train Your Dragon	2010
9	How to Train Your Dragon	2010
9	How to Train Your Dragon	2010
9	How to Train Your Dragon	2010
9	How to Train Your Dragon	2010
9	How to Train Your Dragon	2010
9	How to Train Your Dragon	2010
9	How to Train Your Dragon	2010
9	How to Train Your Dragon	2010
9	How to Train Your Dragon	2010
9	How to Train Your Dragon	2010
9	How to Train Your Dragon	2010
9	How to Train Your Dragon	2010
9	How to Train Your Dragon	2010
9	How to Train Your Dragon	2010
9	How to Train Your Dragon	2010
9	How to Train Your Dragon	2010
9	How to Train Your Dragon	2010
9	How to Train Your Dragon	2010
9	How to Train Your Dragon	2010
9	How to Train Your Dragon	2010
9	How to Train Your Dragon	2010
9	How to Train Your Dragon	2010
9	How to Train Your Dragon	2010
9	How to Train Your Dragon	2010
9	How to Train Your Dragon	2010
9	How to Train Your Dragon	2010
9	How to Train Your Dragon	2010
9	How to Train Your Dragon	2010
9	How to Train Your Dragon	2010
9	How to Train Your Dragon	2010
9	How to Train Your Dragon	2010
9	How to Train Your Dragon	2010
9	How to Train Your Dragon	2010
9	How to Train Your Dragon	2010
9	How to Train Your Dragon	2010
9	How to Train Your Dragon	2010
9	How to Train Your Dragon	2010
9	How to Train Your Dragon	2010
9	How to Train Your Dragon	2010
9	How to Train Your Dragon	2010
9	How to Train Your Dragon	2010
9	How to Train Your Dragon	2010
9	How to Train Your Dragon	2010
9	How to Train Your Dragon	2010
9	How to Train Your Dragon	2010
9	How to Train Your Dragon	2010
9	How to Train Your Dragon	2010
9	How to Train Your Dragon	2010
9	How to Train Your Dragon	2010
9	How to Train Your Dragon	2010
9	How to Train Your Dragon	2010
9	How to Train Your Dragon	2010
9	How to Train Your Dragon	2010
9	How to Train Your Dragon	2010
9	How to Train Your Dragon	2010
9	How to Train Your Dragon	2010
9	How to Train Your Dragon	2010
9	How to Train Your Dragon	2010
9	How to Train Your Dragon	2010
9	How to Train Your Dragon	2010
9	How to Train Your Dragon	2010
9	How to Train Your Dragon	2010
9	How to Train Your Dragon	2010
9	How to Train Your Dragon	2010
9	How to Train Your Dragon	2010
9	How to Train Your Dragon	2010
9	How to Train Your Dragon	2010
9	How to Train Your Dragon	2010
9	How to Train Your Dragon	2010
9	How to Train Your Dragon	2010
9	How to Train Your Dragon	2010
9	How to Train Your Dragon	2010
9	How to Train Your Dragon	2010
9	How to Train Your Dragon	2010
9	How to Train Your Dragon	2010
9	How to Train Your Dragon	2010
9	How to Train Your Dragon	2010
9	How to Train Your Dragon	2010
9	How to Train Your Dragon	2010
9	How to Train Your Dragon	2010
9	How to Train Your Dragon	2010
9	How to Train Your Dragon	2010
9	How to Train Your Dragon	2010
9	How to Train Your Dragon	2010
9	How to Train Your Dragon	2010
9	How to Train Your Dragon	2010
9	How to Train Your Dragon	2010
9	How to Train Your Dragon	2010
9	How to Train Your Dragon	2010
9	How to Train Your Dragon	2010
9	How to Train Your Dragon	2010
9	How to Train Your Dragon	2010
9	How to Train Your Dragon	2010
9	How to Train Your Dragon	2010
9	How to Train Your Dragon	2010
10	How to Train Your Dragon	2010
10	How to Train Your Dragon	2010
10	How to Train Your Dragon	2010
10	How to Train Your Dragon	2010
10	How to Train Your Dragon	2010
10	How to Train Your Dragon	2010
10	How to Train Your Dragon	2010
10	How to Train Your Dragon	2010
10	How to Train Your Dragon	2010
10	How to Train Your Dragon	2010
10	How to Train Your Dragon	2010
10	How to Train Your Dragon	2010
10	How to Train Your Dragon	2010
10	How to Train Your Dragon	2010
10	How to Train Your Dragon	2010
10	How to Train Your Dragon	2010
10	How to Train Your Dragon	2010
10	How to Train Your Dragon	2010
10	How to Train Your Dragon	2010
10	How to Train Your Dragon	2010
10	How to Train Your Dragon	2010
10	How to Train Your Dragon	2010
10	How to Train Your Dragon	2010
10	How to Train Your Dragon	2010
10	How to Train Your Dragon	2010
10	How to Train Your Dragon	2010
10	How to Train Your Dragon	2010
10	How to Train Your Dragon	2010
10	How to Train Your Dragon	2010
10	How to Train Your Dragon	2010
10	How to Train Your Dragon	2010
10	How to Train Your Dragon	2010
10	How to Train Your Dragon	2010
10	How to Train Your Dragon	2010
10	How to Train Your Dragon	2010
10	How to Train Your Dragon	2010
10	How to Train Your Dragon	2010
10	How to Train Your Dragon	2010
10	How to Train Your Dragon	2010
10	How to Train Your Dragon	2010
10	How to Train Your Dragon	2010
10	How to Train Your Dragon	2010
10	How to Train Your Dragon	2010
10	How to Train Your Dragon	2010
10	How to Train Your Dragon	2010
10	How to Train Your Dragon	2010
10	How to Train Your Dragon	2010
10	How to Train Your Dragon	2010
10	How to Train Your Dragon	2010
10	How to Train Your Dragon	2010
10	How to Train Your Dragon	2010
10	How to Train Your Dragon	2010
10	How to Train Your Dragon	2010
10	How to Train Your Dragon	2010
10	How to Train Your Dragon	2010
10	How to Train Your Dragon	2010
10	How to Train Your Dragon	2010
10	How to Train Your Dragon	2010
10	How to Train Your Dragon	2010
10	How to Train Your Dragon	2010
10	How to Train Your Dragon	2010
10	How to Train Your Dragon	2010
10	How to Train Your Dragon	2010
10	How to Train Your Dragon	2010
10	How to Train Your Dragon	2010
10	How to Train Your Dragon	2010
10	How to Train Your Dragon	2010
10	How to Train Your Dragon	2010
10	How to Train Your Dragon	2010
10	How to Train Your Dragon	2010
10	How to Train Your Dragon	2010
7	Shutter Island	2010
7	Shutter Island	2010
7	Shutter Island	2010
7	Shutter Island	2010
7	Shutter Island	2010
7	Shutter Island	2010
7	Shutter Island	2010
7	Shutter Island	2010
7	Shutter Island	2010
7	Shutter Island	2010
7	Shutter Island	2010
7	Shutter Island	2010
7	Shutter Island	2010
7	Shutter Island	2010
7	Shutter Island	2010
7	Shutter Island	2010
7	Shutter Island	2010
7	Shutter Island	2010
7	Shutter Island	2010
7	Shutter Island	2010
7	Shutter Island	2010
7	Shutter Island	2010
7	Shutter Island	2010
7	Shutter Island	2010
7	Shutter Island	2010
7	Shutter Island	2010
7	Shutter Island	2010
7	Shutter Island	2010
7	Shutter Island	2010
7	Shutter Island	2010
7	Shutter Island	2010
7	Shutter Island	2010
7	Shutter Island	2010
7	Shutter Island	2010
7	Shutter Island	2010
7	Shutter Island	2010
7	Shutter Island	2010
7	Shutter Island	2010
7	Shutter Island	2010
7	Shutter Island	2010
7	Shutter Island	2010
7	Shutter Island	2010
7	Shutter Island	2010
7	Shutter Island	2010
7	Shutter Island	2010
7	Shutter Island	2010
7	Shutter Island	2010
7	Shutter Island	2010
7	Shutter Island	2010
7	Shutter Island	2010
7	Shutter Island	2010
7	Shutter Island	2010
7	Shutter Island	2010
7	Shutter Island	2010
7	Shutter Island	2010
7	Shutter Island	2010
7	Shutter Island	2010
7	Shutter Island	2010
7	Shutter Island	2010
7	Shutter Island	2010
7	Shutter Island	2010
7	Shutter Island	2010
7	Shutter Island	2010
7	Shutter Island	2010
7	Shutter Island	2010
7	Shutter Island	2010
7	Shutter Island	2010
7	Shutter Island	2010
7	Shutter Island	2010
7	Shutter Island	2010
7	Shutter Island	2010
7	Shutter Island	2010
7	Shutter Island	2010
7	Shutter Island	2010
7	Shutter Island	2010
7	Shutter Island	2010
7	Shutter Island	2010
7	Shutter Island	2010
7	Shutter Island	2010
7	Shutter Island	2010
7	Shutter Island	2010
7	Shutter Island	2010
7	Shutter Island	2010
7	Shutter Island	2010
7	Shutter Island	2010
7	Shutter Island	2010
7	Shutter Island	2010
7	Shutter Island	2010
7	Shutter Island	2010
7	Shutter Island	2010
7	Shutter Island	2010
7	Shutter Island	2010
7	Shutter Island	2010
7	Shutter Island	2010
7	Shutter Island	2010
7	Shutter Island	2010
7	Shutter Island	2010
7	Shutter Island	2010
7	Shutter Island	2010
7	Shutter Island	2010
7	Shutter Island	2010
7	Shutter Island	2010
7	Shutter Island	2010
7	Shutter Island	2010
7	Shutter Island	2010
7	Shutter Island	2010
7	Shutter Island	2010
7	Shutter Island	2010
7	Shutter Island	2010
7	Shutter Island	2010
7	Shutter Island	2010
7	Shutter Island	2010
7	Shutter Island	2010
7	Shutter Island	2010
7	Shutter Island	2010
7	Shutter Island	2010
8	Shutter Island	2010
8	Shutter Island	2010
8	Shutter Island	2010
8	Shutter Island	2010
8	Shutter Island	2010
8	Shutter Island	2010
8	Shutter Island	2010
8	Shutter Island	2010
8	Shutter Island	2010
8	Shutter Island	2010
8	Shutter Island	2010
8	Shutter Island	2010
8	Shutter Island	2010
8	Shutter Island	2010
8	Shutter Island	2010
8	Shutter Island	2010
8	Shutter Island	2010
8	Shutter Island	2010
8	Shutter Island	2010
8	Shutter Island	2010
8	Shutter Island	2010
8	Shutter Island	2010
8	Shutter Island	2010
8	Shutter Island	2010
8	Shutter Island	2010
8	Shutter Island	2010
8	Shutter Island	2010
8	Shutter Island	2010
8	Shutter Island	2010
8	Shutter Island	2010
8	Shutter Island	2010
8	Shutter Island	2010
8	Shutter Island	2010
8	Shutter Island	2010
8	Shutter Island	2010
8	Shutter Island	2010
8	Shutter Island	2010
8	Shutter Island	2010
8	Shutter Island	2010
8	Shutter Island	2010
8	Shutter Island	2010
8	Shutter Island	2010
8	Shutter Island	2010
8	Shutter Island	2010
8	Shutter Island	2010
8	Shutter Island	2010
8	Shutter Island	2010
8	Shutter Island	2010
8	Shutter Island	2010
8	Shutter Island	2010
8	Shutter Island	2010
8	Shutter Island	2010
8	Shutter Island	2010
8	Shutter Island	2010
8	Shutter Island	2010
8	Shutter Island	2010
8	Shutter Island	2010
8	Shutter Island	2010
8	Shutter Island	2010
8	Shutter Island	2010
8	Shutter Island	2010
8	Shutter Island	2010
8	Shutter Island	2010
8	Shutter Island	2010
8	Shutter Island	2010
8	Shutter Island	2010
8	Shutter Island	2010
8	Shutter Island	2010
8	Shutter Island	2010
8	Shutter Island	2010
8	Shutter Island	2010
8	Shutter Island	2010
8	Shutter Island	2010
8	Shutter Island	2010
8	Shutter Island	2010
8	Shutter Island	2010
8	Shutter Island	2010
8	Shutter Island	2010
8	Shutter Island	2010
8	Shutter Island	2010
8	Shutter Island	2010
8	Shutter Island	2010
8	Shutter Island	2010
8	Shutter Island	2010
8	Shutter Island	2010
8	Shutter Island	2010
8	Shutter Island	2010
8	Shutter Island	2010
8	Shutter Island	2010
8	Shutter Island	2010
8	Shutter Island	2010
8	Shutter Island	2010
8	Shutter Island	2010
8	Shutter Island	2010
8	Shutter Island	2010
8	Shutter Island	2010
8	Shutter Island	2010
8	Shutter Island	2010
8	Shutter Island	2010
8	Shutter Island	2010
8	Shutter Island	2010
8	Shutter Island	2010
8	Shutter Island	2010
8	Shutter Island	2010
8	Shutter Island	2010
8	Shutter Island	2010
8	Shutter Island	2010
8	Shutter Island	2010
8	Shutter Island	2010
8	Shutter Island	2010
8	Shutter Island	2010
8	Shutter Island	2010
8	Shutter Island	2010
8	Shutter Island	2010
8	Shutter Island	2010
8	Shutter Island	2010
8	Shutter Island	2010
8	Shutter Island	2010
8	Shutter Island	2010
8	Shutter Island	2010
8	Shutter Island	2010
8	Shutter Island	2010
8	Shutter Island	2010
8	Shutter Island	2010
8	Shutter Island	2010
8	Shutter Island	2010
8	Shutter Island	2010
8	Shutter Island	2010
8	Shutter Island	2010
8	Shutter Island	2010
8	Shutter Island	2010
8	Shutter Island	2010
8	Shutter Island	2010
8	Shutter Island	2010
8	Shutter Island	2010
8	Shutter Island	2010
8	Shutter Island	2010
8	Shutter Island	2010
8	Shutter Island	2010
8	Shutter Island	2010
8	Shutter Island	2010
8	Shutter Island	2010
8	Shutter Island	2010
8	Shutter Island	2010
8	Shutter Island	2010
8	Shutter Island	2010
8	Shutter Island	2010
8	Shutter Island	2010
8	Shutter Island	2010
8	Shutter Island	2010
8	Shutter Island	2010
8	Shutter Island	2010
8	Shutter Island	2010
8	Shutter Island	2010
8	Shutter Island	2010
8	Shutter Island	2010
8	Shutter Island	2010
8	Shutter Island	2010
8	Shutter Island	2010
8	Shutter Island	2010
8	Shutter Island	2010
8	Shutter Island	2010
8	Shutter Island	2010
8	Shutter Island	2010
8	Shutter Island	2010
8	Shutter Island	2010
8	Shutter Island	2010
8	Shutter Island	2010
8	Shutter Island	2010
8	Shutter Island	2010
8	Shutter Island	2010
8	Shutter Island	2010
8	Shutter Island	2010
8	Shutter Island	2010
8	Shutter Island	2010
8	Shutter Island	2010
8	Shutter Island	2010
8	Shutter Island	2010
8	Shutter Island	2010
8	Shutter Island	2010
8	Shutter Island	2010
8	Shutter Island	2010
8	Shutter Island	2010
8	Shutter Island	2010
8	Shutter Island	2010
8	Shutter Island	2010
8	Shutter Island	2010
8	Shutter Island	2010
8	Shutter Island	2010
8	Shutter Island	2010
8	Shutter Island	2010
8	Shutter Island	2010
8	Shutter Island	2010
8	Shutter Island	2010
8	Shutter Island	2010
8	Shutter Island	2010
8	Shutter Island	2010
8	Shutter Island	2010
8	Shutter Island	2010
8	Shutter Island	2010
8	Shutter Island	2010
8	Shutter Island	2010
8	Shutter Island	2010
8	Shutter Island	2010
8	Shutter Island	2010
8	Shutter Island	2010
8	Shutter Island	2010
8	Shutter Island	2010
8	Shutter Island	2010
8	Shutter Island	2010
8	Shutter Island	2010
8	Shutter Island	2010
8	Shutter Island	2010
8	Shutter Island	2010
8	Shutter Island	2010
8	Shutter Island	2010
8	Shutter Island	2010
8	Shutter Island	2010
8	Shutter Island	2010
8	Shutter Island	2010
8	Shutter Island	2010
8	Shutter Island	2010
8	Shutter Island	2010
8	Shutter Island	2010
8	Shutter Island	2010
8	Shutter Island	2010
8	Shutter Island	2010
8	Shutter Island	2010
8	Shutter Island	2010
8	Shutter Island	2010
8	Shutter Island	2010
8	Shutter Island	2010
8	Shutter Island	2010
8	Shutter Island	2010
8	Shutter Island	2010
8	Shutter Island	2010
8	Shutter Island	2010
8	Shutter Island	2010
8	Shutter Island	2010
8	Shutter Island	2010
8	Shutter Island	2010
8	Shutter Island	2010
8	Shutter Island	2010
8	Shutter Island	2010
8	Shutter Island	2010
8	Shutter Island	2010
8	Shutter Island	2010
8	Shutter Island	2010
8	Shutter Island	2010
8	Shutter Island	2010
8	Shutter Island	2010
8	Shutter Island	2010
8	Shutter Island	2010
8	Shutter Island	2010
8	Shutter Island	2010
8	Shutter Island	2010
8	Shutter Island	2010
8	Shutter Island	2010
8	Shutter Island	2010
8	Shutter Island	2010
8	Shutter Island	2010
8	Shutter Island	2010
8	Shutter Island	2010
8	Shutter Island	2010
8	Shutter Island	2010
8	Shutter Island	2010
8	Shutter Island	2010
8	Shutter Island	2010
8	Shutter Island	2010
8	Shutter Island	2010
8	Shutter Island	2010
8	Shutter Island	2010
8	Shutter Island	2010
8	Shutter Island	2010
8	Shutter Island	2010
8	Shutter Island	2010
8	Shutter Island	2010
8	Shutter Island	2010
8	Shutter Island	2010
8	Shutter Island	2010
8	Shutter Island	2010
8	Shutter Island	2010
8	Shutter Island	2010
8	Shutter Island	2010
8	Shutter Island	2010
8	Shutter Island	2010
8	Shutter Island	2010
8	Shutter Island	2010
8	Shutter Island	2010
8	Shutter Island	2010
8	Shutter Island	2010
8	Shutter Island	2010
8	Shutter Island	2010
8	Shutter Island	2010
8	Shutter Island	2010
8	Shutter Island	2010
8	Shutter Island	2010
8	Shutter Island	2010
8	Shutter Island	2010
8	Shutter Island	2010
8	Shutter Island	2010
8	Shutter Island	2010
8	Shutter Island	2010
8	Shutter Island	2010
8	Shutter Island	2010
8	Shutter Island	2010
8	Shutter Island	2010
8	Shutter Island	2010
8	Shutter Island	2010
8	Shutter Island	2010
8	Shutter Island	2010
8	Shutter Island	2010
8	Shutter Island	2010
8	Shutter Island	2010
8	Shutter Island	2010
8	Shutter Island	2010
8	Shutter Island	2010
8	Shutter Island	2010
8	Shutter Island	2010
8	Shutter Island	2010
8	Shutter Island	2010
8	Shutter Island	2010
8	Shutter Island	2010
8	Shutter Island	2010
8	Shutter Island	2010
8	Shutter Island	2010
8	Shutter Island	2010
8	Shutter Island	2010
8	Shutter Island	2010
8	Shutter Island	2010
8	Shutter Island	2010
8	Shutter Island	2010
8	Shutter Island	2010
8	Shutter Island	2010
8	Shutter Island	2010
8	Shutter Island	2010
8	Shutter Island	2010
8	Shutter Island	2010
8	Shutter Island	2010
8	Shutter Island	2010
8	Shutter Island	2010
8	Shutter Island	2010
8	Shutter Island	2010
8	Shutter Island	2010
8	Shutter Island	2010
8	Shutter Island	2010
8	Shutter Island	2010
8	Shutter Island	2010
8	Shutter Island	2010
9	Shutter Island	2010
9	Shutter Island	2010
9	Shutter Island	2010
9	Shutter Island	2010
9	Shutter Island	2010
9	Shutter Island	2010
9	Shutter Island	2010
9	Shutter Island	2010
9	Shutter Island	2010
9	Shutter Island	2010
9	Shutter Island	2010
9	Shutter Island	2010
9	Shutter Island	2010
9	Shutter Island	2010
9	Shutter Island	2010
9	Shutter Island	2010
9	Shutter Island	2010
9	Shutter Island	2010
9	Shutter Island	2010
9	Shutter Island	2010
9	Shutter Island	2010
9	Shutter Island	2010
9	Shutter Island	2010
9	Shutter Island	2010
9	Shutter Island	2010
9	Shutter Island	2010
9	Shutter Island	2010
9	Shutter Island	2010
9	Shutter Island	2010
9	Shutter Island	2010
9	Shutter Island	2010
9	Shutter Island	2010
9	Shutter Island	2010
9	Shutter Island	2010
9	Shutter Island	2010
9	Shutter Island	2010
9	Shutter Island	2010
9	Shutter Island	2010
9	Shutter Island	2010
9	Shutter Island	2010
9	Shutter Island	2010
9	Shutter Island	2010
9	Shutter Island	2010
9	Shutter Island	2010
9	Shutter Island	2010
9	Shutter Island	2010
9	Shutter Island	2010
9	Shutter Island	2010
9	Shutter Island	2010
9	Shutter Island	2010
9	Shutter Island	2010
9	Shutter Island	2010
9	Shutter Island	2010
9	Shutter Island	2010
9	Shutter Island	2010
9	Shutter Island	2010
9	Shutter Island	2010
9	Shutter Island	2010
9	Shutter Island	2010
9	Shutter Island	2010
9	Shutter Island	2010
9	Shutter Island	2010
9	Shutter Island	2010
9	Shutter Island	2010
9	Shutter Island	2010
9	Shutter Island	2010
9	Shutter Island	2010
9	Shutter Island	2010
9	Shutter Island	2010
9	Shutter Island	2010
9	Shutter Island	2010
9	Shutter Island	2010
9	Shutter Island	2010
9	Shutter Island	2010
9	Shutter Island	2010
9	Shutter Island	2010
9	Shutter Island	2010
9	Shutter Island	2010
9	Shutter Island	2010
9	Shutter Island	2010
9	Shutter Island	2010
9	Shutter Island	2010
9	Shutter Island	2010
9	Shutter Island	2010
9	Shutter Island	2010
9	Shutter Island	2010
9	Shutter Island	2010
9	Shutter Island	2010
9	Shutter Island	2010
9	Shutter Island	2010
9	Shutter Island	2010
9	Shutter Island	2010
9	Shutter Island	2010
9	Shutter Island	2010
9	Shutter Island	2010
9	Shutter Island	2010
9	Shutter Island	2010
9	Shutter Island	2010
9	Shutter Island	2010
9	Shutter Island	2010
9	Shutter Island	2010
9	Shutter Island	2010
9	Shutter Island	2010
9	Shutter Island	2010
9	Shutter Island	2010
9	Shutter Island	2010
9	Shutter Island	2010
9	Shutter Island	2010
9	Shutter Island	2010
9	Shutter Island	2010
9	Shutter Island	2010
9	Shutter Island	2010
9	Shutter Island	2010
9	Shutter Island	2010
9	Shutter Island	2010
9	Shutter Island	2010
9	Shutter Island	2010
9	Shutter Island	2010
9	Shutter Island	2010
9	Shutter Island	2010
9	Shutter Island	2010
9	Shutter Island	2010
9	Shutter Island	2010
9	Shutter Island	2010
9	Shutter Island	2010
9	Shutter Island	2010
9	Shutter Island	2010
9	Shutter Island	2010
9	Shutter Island	2010
9	Shutter Island	2010
9	Shutter Island	2010
9	Shutter Island	2010
9	Shutter Island	2010
9	Shutter Island	2010
9	Shutter Island	2010
9	Shutter Island	2010
9	Shutter Island	2010
9	Shutter Island	2010
9	Shutter Island	2010
9	Shutter Island	2010
9	Shutter Island	2010
9	Shutter Island	2010
9	Shutter Island	2010
9	Shutter Island	2010
9	Shutter Island	2010
9	Shutter Island	2010
9	Shutter Island	2010
9	Shutter Island	2010
9	Shutter Island	2010
9	Shutter Island	2010
9	Shutter Island	2010
9	Shutter Island	2010
9	Shutter Island	2010
9	Shutter Island	2010
9	Shutter Island	2010
9	Shutter Island	2010
9	Shutter Island	2010
9	Shutter Island	2010
9	Shutter Island	2010
9	Shutter Island	2010
9	Shutter Island	2010
9	Shutter Island	2010
9	Shutter Island	2010
9	Shutter Island	2010
9	Shutter Island	2010
9	Shutter Island	2010
9	Shutter Island	2010
9	Shutter Island	2010
9	Shutter Island	2010
9	Shutter Island	2010
9	Shutter Island	2010
9	Shutter Island	2010
9	Shutter Island	2010
9	Shutter Island	2010
9	Shutter Island	2010
9	Shutter Island	2010
9	Shutter Island	2010
9	Shutter Island	2010
9	Shutter Island	2010
9	Shutter Island	2010
9	Shutter Island	2010
9	Shutter Island	2010
9	Shutter Island	2010
9	Shutter Island	2010
9	Shutter Island	2010
9	Shutter Island	2010
9	Shutter Island	2010
9	Shutter Island	2010
9	Shutter Island	2010
9	Shutter Island	2010
9	Shutter Island	2010
9	Shutter Island	2010
9	Shutter Island	2010
9	Shutter Island	2010
9	Shutter Island	2010
9	Shutter Island	2010
9	Shutter Island	2010
9	Shutter Island	2010
9	Shutter Island	2010
9	Shutter Island	2010
9	Shutter Island	2010
9	Shutter Island	2010
9	Shutter Island	2010
9	Shutter Island	2010
9	Shutter Island	2010
9	Shutter Island	2010
9	Shutter Island	2010
9	Shutter Island	2010
9	Shutter Island	2010
9	Shutter Island	2010
9	Shutter Island	2010
9	Shutter Island	2010
9	Shutter Island	2010
9	Shutter Island	2010
9	Shutter Island	2010
9	Shutter Island	2010
9	Shutter Island	2010
9	Shutter Island	2010
9	Shutter Island	2010
9	Shutter Island	2010
9	Shutter Island	2010
9	Shutter Island	2010
9	Shutter Island	2010
9	Shutter Island	2010
9	Shutter Island	2010
9	Shutter Island	2010
9	Shutter Island	2010
9	Shutter Island	2010
9	Shutter Island	2010
9	Shutter Island	2010
9	Shutter Island	2010
9	Shutter Island	2010
9	Shutter Island	2010
10	Shutter Island	2010
10	Shutter Island	2010
10	Shutter Island	2010
10	Shutter Island	2010
10	Shutter Island	2010
10	Shutter Island	2010
10	Shutter Island	2010
10	Shutter Island	2010
10	Shutter Island	2010
10	Shutter Island	2010
10	Shutter Island	2010
10	Shutter Island	2010
10	Shutter Island	2010
10	Shutter Island	2010
10	Shutter Island	2010
10	Shutter Island	2010
10	Shutter Island	2010
10	Shutter Island	2010
10	Shutter Island	2010
10	Shutter Island	2010
10	Shutter Island	2010
10	Shutter Island	2010
10	Shutter Island	2010
10	Shutter Island	2010
10	Shutter Island	2010
10	Shutter Island	2010
10	Shutter Island	2010
10	Shutter Island	2010
10	Shutter Island	2010
10	Shutter Island	2010
10	Shutter Island	2010
10	Shutter Island	2010
10	Shutter Island	2010
10	Shutter Island	2010
10	Shutter Island	2010
10	Shutter Island	2010
10	Shutter Island	2010
10	Shutter Island	2010
10	Shutter Island	2010
10	Shutter Island	2010
10	Shutter Island	2010
10	Shutter Island	2010
10	Shutter Island	2010
10	Shutter Island	2010
10	Shutter Island	2010
10	Shutter Island	2010
10	Shutter Island	2010
10	Shutter Island	2010
10	Shutter Island	2010
10	Shutter Island	2010
10	Shutter Island	2010
10	Shutter Island	2010
10	Shutter Island	2010
10	Shutter Island	2010
10	Shutter Island	2010
10	Shutter Island	2010
10	Shutter Island	2010
10	Shutter Island	2010
10	Shutter Island	2010
10	Shutter Island	2010
10	Shutter Island	2010
10	Shutter Island	2010
10	Shutter Island	2010
10	Shutter Island	2010
10	Shutter Island	2010
10	Shutter Island	2010
10	Shutter Island	2010
10	Shutter Island	2010
10	Shutter Island	2010
10	Shutter Island	2010
10	Shutter Island	2010
10	Shutter Island	2010
10	Shutter Island	2010
10	Shutter Island	2010
10	Shutter Island	2010
10	Shutter Island	2010
10	Shutter Island	2010
10	Shutter Island	2010
10	Shutter Island	2010
10	Shutter Island	2010
10	Shutter Island	2010
10	Shutter Island	2010
10	Shutter Island	2010
10	Shutter Island	2010
10	Shutter Island	2010
10	Shutter Island	2010
10	Shutter Island	2010
10	Shutter Island	2010
10	Shutter Island	2010
10	Shutter Island	2010
10	Shutter Island	2010
10	Shutter Island	2010
10	Shutter Island	2010
10	Shutter Island	2010
10	Shutter Island	2010
10	Shutter Island	2010
10	Shutter Island	2010
10	Shutter Island	2010
10	Shutter Island	2010
10	Shutter Island	2010
10	Shutter Island	2010
10	Shutter Island	2010
10	Shutter Island	2010
10	Shutter Island	2010
10	Shutter Island	2010
10	Shutter Island	2010
10	Shutter Island	2010
10	Shutter Island	2010
10	Shutter Island	2010
10	Shutter Island	2010
10	Shutter Island	2010
10	Shutter Island	2010
10	Shutter Island	2010
10	Shutter Island	2010
10	Shutter Island	2010
10	Shutter Island	2010
8	Udaan	2010
8	Udaan	2010
8	Udaan	2010
8	Udaan	2010
8	Udaan	2010
8	Udaan	2010
8	Udaan	2010
8	Udaan	2010
8	Udaan	2010
9	Udaan	2010
9	Udaan	2010
9	Udaan	2010
9	Udaan	2010
9	Udaan	2010
9	Udaan	2010
9	Udaan	2010
9	Udaan	2010
9	Udaan	2010
9	Udaan	2010
9	Udaan	2010
9	Udaan	2010
9	Udaan	2010
10	Udaan	2010
10	Udaan	2010
10	Udaan	2010
10	Udaan	2010
10	Udaan	2010
10	Udaan	2010
10	Udaan	2010
10	Udaan	2010
10	Udaan	2010
